<?xml version="1.0" ?>

<container xmlns="http://symfony.com/schema/dic/services"
    xmlns:xsi="http://www.w3.org/2001/XMLSchema-instance"
    xsi:schemaLocation="http://symfony.com/schema/dic/services http://symfony.com/schema/dic/services/services-1.0.xsd">

    <services>
        <service id="event_dispatcher" class="Symfony\Component\EventDispatcher\ContainerAwareEventDispatcher">
            <argument type="service" id="service_container" />
        </service>

        <service id="http_kernel" class="Symfony\Component\HttpKernel\HttpKernel">
            <argument type="service" id="event_dispatcher" />
            <argument type="service" id="controller_resolver" />
            <argument type="service" id="request_stack" />
            <argument type="service" id="argument_resolver" />
        </service>

        <service id="request_stack" class="Symfony\Component\HttpFoundation\RequestStack" />

        <service id="cache_warmer" class="Symfony\Component\HttpKernel\CacheWarmer\CacheWarmerAggregate">
            <argument type="collection" />
        </service>

        <service id="kernel.class_cache.cache_warmer" class="Symfony\Bundle\FrameworkBundle\CacheWarmer\ClassCacheCacheWarmer">
            <tag name="kernel.cache_warmer" />
            <argument type="collection">
                <argument>Symfony\Component\HttpFoundation\ParameterBag</argument>
                <argument>Symfony\Component\HttpFoundation\HeaderBag</argument>
                <argument>Symfony\Component\HttpFoundation\FileBag</argument>
                <argument>Symfony\Component\HttpFoundation\ServerBag</argument>
                <argument>Symfony\Component\HttpFoundation\Request</argument>
                <argument>Symfony\Component\HttpKernel\Kernel</argument>
                <argument>Symfony\Component\ClassLoader\ClassCollectionLoader</argument>
                <argument>Symfony\Component\ClassLoader\ApcClassLoader</argument>
            </argument>
        </service>

        <service id="cache_clearer" class="Symfony\Component\HttpKernel\CacheClearer\ChainCacheClearer">
            <argument type="collection" />
        </service>

        <service id="service_container" synthetic="true">
            <autowiring-type>Symfony\Component\DependencyInjection\ContainerInterface</autowiring-type>
            <autowiring-type>Symfony\Component\DependencyInjection\Container</autowiring-type>
        </service>

        <service id="kernel" synthetic="true" />

        <service id="filesystem" class="Symfony\Component\Filesystem\Filesystem" />

        <service id="file_locator" class="Symfony\Component\HttpKernel\Config\FileLocator">
            <argument type="service" id="kernel" />
            <argument>%kernel.root_dir%/Resources</argument>
        </service>

        <service id="uri_signer" class="Symfony\Component\HttpKernel\UriSigner">
            <argument>%kernel.secret%</argument>
        </service>

        <service id="config_cache_factory" class="Symfony\Component\Config\ResourceCheckerConfigCacheFactory">
            <argument type="collection"></argument>
        </service>

        <service class="Symfony\Component\Config\Resource\SelfCheckingResourceChecker" public="false">
            <tag name="config_cache.resource_checker" priority="-990" />
        </service>

    </services>
</container>
